molecule_chembl_id,canonical_smiles,standard_value,bioactivity_class
CHEMBL273701,CC[C@H](NC(=O)[C@H](CC1CCCCC1)NC(=O)[C@@H](NC(=O)[C@H](CC(C)C)NC(=O)c1cnccn1)[C@@H](C)CC)C(=O)C(=O)N1CCCC1,42000.0,inactive
CHEMBL276488,CC[C@H](NC(=O)[C@H](CC1CCCCC1)NC(=O)[C@@H](NC(=O)[C@H](CC(C)C)NC(=O)c1cnccn1)[C@@H](C)CC)C(=O)C(=O)NCC(N)=O,4300.0,intermediate
CHEMBL13773,CC[C@H](NC(=O)[C@H](CC1CCCCC1)NC(=O)[C@@H](NC(=O)[C@H](CC(C)C)NC(=O)c1cnccn1)[C@@H](C)CC)C(=O)C(=O)NCCC(=O)O,12000.0,inactive
CHEMBL13442,CC[C@H](NC(=O)[C@H](CC1CCCCC1)NC(=O)[C@@H](NC(=O)[C@H](CC(C)C)NC(=O)c1cnccn1)[C@@H](C)CC)C(=O)C(=O)N[C@H](C(=O)O)C(C)C,3600.0,intermediate
CHEMBL266854,CC[C@H](C)[C@H](NC(=O)[C@H](CC(C)C)NC(=O)c1cnccn1)C(=O)N[C@@H](CC1CCCCC1)C(=O)NC(C)(C)C(=O)C(=O)NCC(=O)O,60000.0,inactive
CHEMBL13514,CC[C@H](NC(=O)[C@H](CC1CCCCC1)NC(=O)[C@@H](NC(=O)[C@H](CC(C)C)NC(=O)c1cnccn1)[C@@H](C)CC)C(=O)C(=O)NC1CC1,2200.0,intermediate
CHEMBL274131,CC[C@H](NC(=O)[C@H](CC1CCCCC1)NC(=O)[C@@H](NC(=O)[C@H](CC(C)C)NC(=O)c1cnccn1)[C@@H](C)CC)C(=O)C(=O)N(C)CC(=O)O,60000.0,inactive
CHEMBL273735,CC[C@H](NC(=O)[C@H](CC1CCCCC1)NC(=O)[C@@H](NC(=O)[C@H](CC(C)C)NC(=O)c1cnccn1)[C@@H](C)CC)C(=O)C(=O)N[C@@H](CC(=O)O)C(=O)O,5300.0,intermediate
CHEMBL274547,C#CCNC(=O)C(=O)[C@H](CC)NC(=O)[C@H](CC1CCCCC1)NC(=O)[C@@H](NC(=O)[C@H](CC(C)C)NC(=O)c1cnccn1)[C@@H](C)CC,1600.0,intermediate
CHEMBL13447,CC[C@H](NC(=O)[C@H](CC1CCCCC1)NC(=O)[C@@H](NC(=O)[C@H](CC(C)C)NC(=O)c1cnccn1)[C@@H](C)CC)C(=O)C(=O)NCc1ccccc1,11000.0,inactive
CHEMBL13370,CCNC(=O)C(=O)[C@H](CC)NC(=O)[C@H](CC1CCCCC1)NC(=O)[C@@H](NC(=O)[C@H](CC(C)C)NC(=O)c1cnccn1)[C@@H](C)CC,1800.0,intermediate
CHEMBL265345,C=CCNC(=O)C(=O)[C@H](CC)NC(=O)[C@H](CC1CCCCC1)NC(=O)[C@@H](NC(=O)[C@H](CC(C)C)NC(=O)c1cnccn1)[C@@H](C)CC,2700.0,intermediate
CHEMBL13256,CC[C@H](NC(=O)[C@H](CC1CCCCC1)NC(=O)[C@@H](NC(=O)[C@H](CC(C)C)NC(=O)c1cnccn1)[C@@H](C)CC)C(=O)C(=O)NCC(=O)O,230.0,active
CHEMBL13155,CC[C@H](NC(=O)[C@H](CC1CCCCC1)NC(=O)[C@@H](NC(=O)[C@H](CC(C)C)NC(=O)c1cnccn1)[C@@H](C)CC)C(=O)C(=O)N1CCOCC1,60000.0,inactive
CHEMBL13443,C=CCNC(=O)C(=O)[C@H](CC)NC(=O)[C@@H]1CCCN1C(=O)[C@@H](NC(=O)[C@@H](NC(=O)[C@H](CCC(=O)O)NC(=O)[C@@H](N)CC(=O)O)C(C)C)C(C)C,420.0,active
CHEMBL266222,CC[C@H](NC(=O)[C@H](CC1CCCCC1)NC(=O)[C@@H](NC(=O)[C@H](CC(C)C)NC(=O)c1cnccn1)[C@@H](C)CC)C(=O)C(=O)N[C@@H](CCCCN)C(=O)O,7700.0,intermediate
CHEMBL275116,CC[C@H](C)[C@H](NC(=O)[C@H](CC(C)C)NC(=O)c1cnccn1)C(=O)N[C@@H](CC1CCCCC1)C(=O)NC1(C(=O)C(=O)NCC(=O)O)CC1,60000.0,inactive
CHEMBL13664,CC[C@H](NC(=O)[C@H](CC1CCCCC1)NC(=O)[C@@H](NC(=O)[C@H](CC(C)C)NC(=O)c1cnccn1)[C@@H](C)CC)C(=O)C(=O)N[C@H](C)C(=O)O,60000.0,inactive
CHEMBL13181,CC[C@H](NC(=O)[C@H](CC1CCCCC1)NC(=O)[C@@H](NC(=O)[C@H](CC(C)C)NC(=O)c1cnccn1)[C@@H](C)CC)C(=O)C(=O)NC(C)(C)C(=O)O,60000.0,inactive
CHEMBL274451,CC[C@H](NC(=O)[C@H](CC1CCCCC1)NC(=O)[C@@H](NC(=O)[C@H](CC(C)C)NC(=O)c1cnccn1)[C@@H](C)CC)C(=O)C(=O)N[C@@H](C)C(=O)O,1300.0,intermediate
CHEMBL275290,CC[C@H](C)[C@H](NC(=O)[C@H](CC(C)C)NC(=O)c1cnccn1)C(=O)N[C@@H](CC1CCCCC1)C(=O)N[C@@H](CC(F)F)C(=O)C(=O)NCC(=O)O,60.0,active
CHEMBL264215,CC[C@H](NC(=O)[C@H](CC1CCCCC1)NC(=O)[C@@H](NC(=O)[C@H](CC(C)C)NC(=O)c1cnccn1)[C@@H](C)CC)C(=O)C(=O)NCC(=O)OC,5800.0,intermediate
CHEMBL167155,CC(=O)c1ccc(-c2cc(NS(=O)(=O)c3ccccc3C)c(C(=O)O)s2)cc1,1400.0,intermediate
CHEMBL167283,O=C(Nc1ccc(Cl)cc1)Nc1cc(-c2ccccc2)sc1C(=O)O,50000.0,inactive
CHEMBL349461,Cc1ccc(C(=O)Nc2cc(-c3ccccc3)sc2C(=O)O)cc1,12000.0,inactive
CHEMBL167299,Cc1ccccc1C(=O)Nc1cc(-c2ccccc2)sc1C(=O)O,14000.0,inactive
CHEMBL354354,Cc1ccccc1S(=O)(=O)Nc1cc(C(=O)O)sc1-c1ccccc1,50000.0,inactive
CHEMBL349659,O=C(Nc1cc(-c2ccccc2)sc1C(=O)O)Oc1ccc(Cl)cc1,13000.0,inactive
CHEMBL166740,Cc1ccccc1S(=O)(=O)Nc1cc(-c2ccc(S(C)(=O)=O)cc2)sc1C(=O)O,1800.0,intermediate
CHEMBL165329,O=C(O)C(Cc1ccccc1)N(Cc1cccc(C(F)(F)F)c1)C(=O)c1ccc(Cl)cc1Cl,1800.0,intermediate
CHEMBL164244,Cc1ccccc1S(=O)(=O)Nc1sc(-c2ccccc2)cc1C(=O)O,20000.0,inactive
CHEMBL165038,Cc1cc(S(=O)(=O)Nc2cc(-c3ccccc3)sc2C(=O)O)c(C)cc1Cl,5400.0,intermediate
CHEMBL435857,Cc1cc(Cl)ccc1S(=O)(=O)Nc1cc(-c2ccccc2)sc1C(=O)O,750.0,active
CHEMBL352783,Cc1cccc(S(=O)(=O)Nc2cc(-c3ccccc3)sc2C(=O)O)c1,7400.0,intermediate
CHEMBL168047,Cc1ccc(S(=O)(=O)Nc2cc(-c3ccccc3)sc2C(=O)O)cc1,4600.0,intermediate
CHEMBL354813,CC(=O)c1ccc(-c2cc(NS(=O)(=O)c3ccc(C)cc3C)c(C(=O)O)s2)cc1,390.0,active
CHEMBL349236,Cc1ccc(C)c(S(=O)(=O)Nc2cc(-c3ccccc3)sc2C(=O)O)c1,13000.0,inactive
CHEMBL351020,Cc1ccccc1S(=O)(=O)Nc1cc(-c2ccccc2)sc1C(=O)O,5200.0,intermediate
CHEMBL167790,Cc1ccc(S(=O)(=O)Nc2cc(-c3ccccc3)sc2C(=O)O)c(C)c1,1000.0,active
CHEMBL165438,O=C(O)c1sc(-c2ccccc2)cc1NS(=O)(=O)c1ccc(Cl)cc1,4100.0,intermediate
CHEMBL424014,Cc1cc(S(=O)(=O)Nc2cc(-c3ccccc3)sc2C(N)=O)c(C)cc1Cl,14000.0,inactive
CHEMBL161693,CCC(C)[C@H](NC(=O)OCc1ccccc1)C(=O)N[C@@H](CC(C)C)C(=O)N[C@@H](CC(F)F)C(=O)C(=O)OC,50000.0,intermediate
CHEMBL434083,CC(=O)N[C@H](C(=O)[C@H](CCC(=O)O)N[C@@H](CC1CCCCC1)C(=O)N[C@@H](CC(F)F)C(=O)C(=O)O)C(c1ccccc1)c1ccccc1,5300.0,inactive
CHEMBL2371298,CC[C@H](C)[C@H](NC(C)=O)C(=O)N[C@@H](CC(C)C)C(=O)N[C@@H](CC(F)F)C(=O)C(=O)O,16000.0,inactive
CHEMBL2371317,CC[C@H](C)[C@H](NC(=O)OCc1ccccc1)C(=O)NCC(=O)N[C@@H](CC(F)F)C(=O)C(=O)O,100000.0,intermediate
CHEMBL2371297,CC[C@H](NC(=O)[C@@H](NC(=O)OCc1ccccc1)[C@@H](C)CC)C(=O)N[C@@H](CC(F)F)C(=O)C(=O)O,3280.0,inactive
CHEMBL350593,CCC(C)[C@H](NC(=O)OCc1ccccc1)C(=O)N[C@H](C(=O)N[C@@H](CC(F)F)C(=O)C(=O)O)C(C)C,16000.0,active
CHEMBL348944,CCC(C)[C@H](NC(=O)OCc1ccc(C(=O)O)cc1)C(=O)N[C@@H](CC(C)C)C(=O)N[C@@H](CC(F)F)C(=O)C(=O)O,440.0,intermediate
CHEMBL162950,CCC(C)[C@H](NC(=O)OCc1ccccc1)C(=O)N[C@@H](Cc1ccccc1)C(=O)N[C@@H](CC(F)F)C(=O)C(=O)O,9400.0,inactive
CHEMBL3348569,CC[C@H](C)[C@H](NC(=O)OCc1ccccc1)C(=O)N[C@@H](CC(C)C)C(=O)N[C@@H](CC(F)F)C(=O)c1nnn[nH]1,50000.0,intermediate
CHEMBL163433,CCC(C)[C@H](NC(=O)OCc1ccc(C(=O)OC)cc1)C(=O)N[C@@H](CC(C)C)C(=O)N[C@@H](CC(F)F)C(=O)C(=O)O,1700.0,active
CHEMBL160018,CC(C)(C)OC(=O)N[C@@H](CCC(=O)O)C(=O)N[C@@H](CC(F)F)C(=O)N[C@@H](CC(F)F)C(=O)C(=O)O,300.0,inactive
CHEMBL349123,CC(=O)N[C@H](C(=O)[C@H](CCC(=O)O)N[C@@H](CC1CCCCC1)C(=O)N[C@@H](CC(F)F)C(=O)O)C(c1ccccc1)c1ccccc1,50000.0,inactive
CHEMBL2371316,CC[C@H](C)[C@H](NC(=O)OCc1ccccc1)C(=O)N[C@@H](C)C(=O)N[C@@H](CC(F)F)C(=O)C(=O)O,15600.0,intermediate
CHEMBL164538,CC(C)C[C@H](NC(=O)[C@H](CC(=O)O)NC(=O)OC(C)(C)C)C(=O)N[C@@H](CC(F)F)C(=O)C(=O)O,1630.0,intermediate
CHEMBL351439,CC[C@H](C)[C@H](NC(=O)OCc1ccccc1)C(=O)N[C@@H](CC1CCCCC1)C(=O)N[C@@H](CC(F)F)C(=O)C(=O)O,1400.0,active
CHEMBL2371300,CC[C@H](C)[C@H](NC(=O)OC(C)(C)C)C(=O)N[C@@H](CC(C)C)C(=O)N[C@@H](CC(F)F)C(=O)C(=O)O,1000.0,intermediate
CHEMBL352900,CC(C)C[C@H](NC(=O)[C@H](C)NC(=O)OC(C)(C)C)C(=O)N[C@@H](CC(F)F)C(=O)C(=O)O,8900.0,intermediate
CHEMBL444346,CC[C@H](C)[C@H](NC(=O)OCc1ccccc1)C(=O)N[C@@H](CC(C)C)C(=O)N[C@@H](CC(F)F)C(=O)C(=O)O,1700.0,inactive
CHEMBL161803,CCC(C)[C@H](NC(=O)OCc1ccccc1)C(=O)N[C@@H](CC(C)C)C(=O)N[C@@H](CC(F)F)C(O)C(=O)O,50000.0,inactive
CHEMBL161665,CCC(C)[C@H](NC(=O)OCc1ccccc1)C(=O)N[C@@H](CC(C)C)C(=O)N[C@H](CC(=O)O)CC(F)F,50000.0,active
CHEMBL352277,CC(C)C[C@H](NC(=O)[C@@H](NC(=O)OC(C)(C)C)C(C)C)C(=O)N[C@@H](CC(F)F)C(=O)C(=O)O,460.0,inactive
CHEMBL163864,CC(=O)N[C@H](C(=O)[C@H](CCC(=O)O)N[C@@H](CC1CCCCC1)C(=O)N[C@H](C=O)CC(F)F)C(c1ccccc1)c1ccccc1,50000.0,intermediate
CHEMBL162162,CCC(C)[C@H](NC(=O)NCc1ccccc1)C(=O)N[C@@H](CC(C)C)C(=O)N[C@@H](CC(F)F)C(=O)C(=O)O,3300.0,intermediate
CHEMBL435648,CC(C)C[C@H](NC(=O)[C@H](CCC(N)=O)NC(=O)OC(C)(C)C)C(=O)N[C@@H](CC(F)F)C(=O)C(=O)O,2100.0,active
CHEMBL163917,CC(C)C[C@H](NC(=O)[C@H](CCC(=O)O)NC(=O)OC(C)(C)C)C(=O)N[C@@H](CC(F)F)C(=O)C(=O)O,330.0,active
CHEMBL320324,CC(C)C[C@H](NC(=O)[C@@H](NC(=O)OC(C)(C)C)C1CCCC1)C(=O)N[C@@H](CC(F)F)C(=O)C(=O)O,380.0,inactive
CHEMBL2371293,CC[C@H](C)[C@H](NC(=O)OCc1ccccc1)C(=O)N[C@@H](CC(C)C)C(=O)N[C@H](C=O)CC(F)F,50000.0,intermediate
CHEMBL167707,Cc1ccc(C(=O)N(C)c2cc(-c3ccccc3)sc2C(=O)O)c(C)c1,1400.0,intermediate
CHEMBL353754,CC(C)N(C(=O)C1CCCCC1)c1cc(-c2ccccc2)sc1C(=O)O,9000.0,inactive
CHEMBL430270,O=C(O)c1cc(F)c(CCNC(=O)[C@H](CC(F)F)NC(=O)[C@@H]2C[C@@H](c3ccccc3)CN2C(=O)[C@H](O)c2ccccc2)c(F)c1,100000.0,inactive
CHEMBL68314,CC(C)(C)[C@H](O)C(=O)N1C[C@H](c2ccccc2)C[C@H]1C(=O)N[C@@H](CC(F)F)C(=O)NCCc1c(F)cc(C(=O)O)cc1F,18000.0,active
CHEMBL68034,CC(C)COC(=O)N[C@H](C(=O)N1C[C@H](c2ccccc2)C[C@H]1C(=O)N[C@@H](CC(F)F)C(=O)NCCc1c(F)cc(C(=O)O)cc1F)C(C)C,900.0,inactive
CHEMBL302364,CC(C)[C@H](O)C(=O)N1C[C@H](c2ccccc2)C[C@H]1C(=O)N[C@@H](CC(F)F)C(=O)NCCc1c(F)cc(C(=O)O)cc1F,18000.0,inactive
CHEMBL303619,CCC(CC)C(O)C(=O)N1C[C@H](c2ccccc2)C[C@H]1C(=O)N[C@@H](CC(F)F)C(=O)NCCc1c(F)cc(C(=O)O)cc1F,50000.0,intermediate
CHEMBL167521,Cc1ccc(S(=O)(=O)N(C)c2cc(-c3ccccc3)sc2C(=O)O)c(C)c1,5000.0,intermediate
CHEMBL354874,CCN(C(=O)c1ccc(C)cc1)c1cc(-c2ccccc2)sc1C(=O)O,2000.0,inactive
CHEMBL167791,Cc1cccc(C(=O)N(C)c2cc(-c3ccccc3)sc2C(=O)O)c1,50000.0,inactive
CHEMBL303953,O=C(O)c1cc(F)c(CCNC(=O)[C@H](CC(F)F)NC(=O)[C@@H]2C[C@@H](c3ccccc3)CN2C(=O)[C@@H](O)c2ccccc2)c(F)c1,100000.0,intermediate
CHEMBL433526,Cc1ccc(C(=O)N(C)c2cc(-c3ccccc3)sc2C(=O)O)cc1,2000.0,intermediate
CHEMBL355048,CC(C)N(C(=O)c1ccc(Cl)cc1Cl)c1cc(-c2ccccc2)sc1C(=O)O,1200.0,inactive
CHEMBL69220,CC(C)[C@H](O)C(=O)N1C[C@H](OCCCc2ccccc2)C[C@H]1C(=O)N[C@@H](CC(F)F)C(=O)NCCc1c(F)cc(C(=O)O)cc1F,11000.0,inactive
CHEMBL349461,Cc1ccc(C(=O)Nc2cc(-c3ccccc3)sc2C(=O)O)cc1,12000.0,inactive
CHEMBL419065,O=C(O)c1cc(F)c(CCNC(=O)[C@H](CC(F)F)NC(=O)[C@@H]2C[C@@H](c3ccccc3)CN2C(=O)[C@@H](O)C2CCCC2)c(F)c1,13000.0,inactive
CHEMBL445891,CC(C)[C@H](O)C(=O)N1C[C@H](OCc2ccccc2Cl)C[C@H]1C(=O)N[C@@H](CC(F)F)C(=O)NCCc1c(F)cc(C(=O)O)cc1F,100000.0,intermediate
CHEMBL424194,CN(C(=O)c1ccc(Cl)cc1)c1cc(-c2ccccc2)sc1C(=O)O,1200.0,inactive
CHEMBL68089,O=C(O)c1cc(F)c(CCNC(=O)[C@H](CC(F)F)NC(=O)[C@@H]2C[C@@H](c3ccccc3)CN2C(=O)[C@@H](O)C2CCCCC2)c(F)c1,14000.0,inactive
CHEMBL167856,Cc1ccccc1C(=O)N(C)c1cc(-c2ccccc2)sc1C(=O)O,21000.0,active
CHEMBL167790,Cc1ccc(S(=O)(=O)Nc2cc(-c3ccccc3)sc2C(=O)O)c(C)c1,1000.0,inactive
CHEMBL305435,CC(C)[C@H](O)C(=O)N1C[C@H](OC2CCCCC2)C[C@H]1C(=O)N[C@@H](CC(F)F)C(=O)NCCc1c(F)cc(C(=O)O)cc1F,32000.0,inactive
CHEMBL68725,CC(C)[C@@H](O)C(=O)N1C[C@H](c2ccccc2)C[C@H]1C(=O)N[C@@H](CC(F)F)C(=O)NCCc1c(F)cc(C(=O)O)cc1F,100000.0,inactive
CHEMBL167182,Cc1ccc(C(=O)N(C)c2cc(-c3ccccc3)sc2C(=O)O)cc1C,50000.0,inactive
CHEMBL352911,CC1CCC(C(=O)N(c2cc(-c3ccccc3)sc2C(=O)O)C(C)C)CC1,24000.0,inactive
CHEMBL303395,O=C(O)c1cc(F)c(CCNC(=O)[C@H](CC(F)F)NC(=O)[C@@H]2C[C@@H](c3ccccc3)CN2C(=O)C(O)C2CC2)c(F)c1,100000.0,inactive
CHEMBL302988,O=C(O)c1cc(F)c(CCNC(=O)[C@H](CC(F)F)NC(=O)[C@@H]2C[C@@H](c3ccccc3)CN2C(=O)CC2CCCC2)c(F)c1,34000.0,inactive
CHEMBL308654,O=C(O)c1cc(F)c(CCNC(=O)[C@H](CC(F)F)NC(=O)[C@@H]2C[C@@H](c3ccccc3)CN2C(=O)[C@H](O)C2CCCC2)c(F)c1,62000.0,inactive
CHEMBL355076,CCc1ccc(C(=O)N(C)c2cc(-c3ccccc3)sc2C(=O)O)cc1,50000.0,inactive
CHEMBL167888,CN(C(=O)c1ccccc1)c1cc(-c2ccccc2)sc1C(=O)O,32000.0,intermediate
CHEMBL68035,CC(C)COC(=O)N[C@H](C(=O)N[C@@H](CC(C)C)C(=O)N[C@@H](CC(F)F)C(=O)NCCc1ccc(C(=O)O)cc1Cl)C(C)C,2400.0,inactive
CHEMBL66065,O=C(O)c1cc(F)c(CCNC(=O)[C@H](CC(F)F)NC(=O)[C@@H]2C[C@@H](c3ccccc3)CN2C(=O)C(O)Cc2ccccc2)c(F)c1,100000.0,inactive
CHEMBL308193,CC(C)[C@H](O)C(=O)N1C[C@H](OCc2ccc(Br)cc2)C[C@H]1C(=O)N[C@@H](CC(F)F)C(=O)NCCc1c(F)cc(C(=O)O)cc1F,12000.0,inactive
CHEMBL353453,CN(C(=O)c1ccc(C(F)(F)F)cc1)c1cc(-c2ccccc2)sc1C(=O)O,34000.0,intermediate
CHEMBL352911,CC1CCC(C(=O)N(c2cc(-c3ccccc3)sc2C(=O)O)C(C)C)CC1,1500.0,inactive
CHEMBL71391,CC(C)[C@H](O)C(=O)N1C[C@H](OCc2ccccc2)C[C@H]1C(=O)N[C@@H](CC(F)F)C(=O)NCCc1c(F)cc(C(=O)O)cc1F,27000.0,inactive
CHEMBL69987,CC(C)CC(=O)N1C[C@H](c2ccccc2)C[C@H]1C(=O)N[C@@H](CC(F)F)C(=O)NCCc1c(F)cc(C(=O)O)cc1F,58000.0,intermediate
CHEMBL69077,CC(C)C[C@H](NC(=O)[C@H](O)c1ccccc1)C(=O)N[C@@H](CC(F)F)C(=O)C(=O)O,3000.0,intermediate
CHEMBL168083,Cc1ccc(C(=O)N(c2cc(-c3ccccc3)sc2C(=O)O)C(C)C)cc1,3000.0,inactive
CHEMBL326276,O=C(O)[C@H](Cc1ccccc1)N(Cc1cccc(Br)c1)C(=O)c1ccc(Cl)c(Cl)c1,30000.0,inactive
CHEMBL323191,O=C(O)[C@H](Cc1ccccc1)N(Cc1cccc(Br)c1)C(=O)c1ccc(F)cc1F,43000.0,intermediate
CHEMBL23283,O=C(O)[C@H](Cc1ccccc1)N(Cc1cccc(Br)c1)C(=O)c1ccc(Cl)cc1Cl,3500.0,inactive
CHEMBL280721,O=C(O)[C@H](Cc1ccccc1)N(Cc1cccc(Br)c1)C(=O)c1ccccc1Cl,31000.0,inactive
CHEMBL114712,O=C(O)[C@H](Cc1ccccc1)N(Cc1cccc(Br)c1)C(=O)c1ccc(Cl)nc1Cl,31000.0,inactive
CHEMBL112120,O=C(O)[C@H](Cc1ccccc1)N(Cc1cccc(Br)c1)C(=O)Nc1ccc(Cl)cc1Cl,31000.0,inactive
CHEMBL115391,O=C(O)[C@H](Cc1ccccc1)N(Cc1cccc(Br)c1)C(=O)c1c(Cl)cc(Cl)cc1Cl,13000.0,inactive
CHEMBL115087,COc1ccc(C(=O)N(Cc2cccc(Br)c2)[C@@H](Cc2ccccc2)C(=O)O)c(OC)c1,10700.0,intermediate
CHEMBL112293,Cc1cc(Cl)ccc1C(=O)N(Cc1cccc(Br)c1)[C@@H](Cc1ccccc1)C(=O)O,3700.0,intermediate
CHEMBL115610,O=C(O)[C@H](Cc1ccccc1)N(Cc1cccc(Br)c1)C(=O)c1ccc(Cl)cc1Br,5000.0,intermediate
CHEMBL323981,Cc1ccc(C(=O)N(Cc2cccc(Br)c2)[C@@H](Cc2ccccc2)C(=O)O)c(C)c1,5900.0,inactive
CHEMBL111777,O=C(O)[C@H](Cc1ccccc1)N(Cc1cccc(Br)c1)Cc1ccc(Cl)cc1Cl,26000.0,inactive
CHEMBL320795,O=C(O)[C@H](Cc1ccccc1)N(Cc1cccc(Br)c1)C(=O)c1ccccc1,50000.0,intermediate
CHEMBL325126,CCc1cc(Cl)ccc1C(=O)N(Cc1cccc(Br)c1)[C@@H](Cc1ccccc1)C(=O)O,5600.0,inactive
CHEMBL112469,O=C(O)[C@H](Cc1ccccc1)N(Cc1cccc(Br)c1)C(=O)c1cccc(Cl)c1,30000.0,inactive
CHEMBL26052,O=C(O)[C@H](Cc1ccccc1)N(Cc1cccc(Br)c1)C(=O)c1ccc(Cl)cc1,10600.0,inactive
CHEMBL113973,O=C(O)[C@H](Cc1ccccc1)N(Cc1cccc(Br)c1)c1ccc(Cl)cc1Cl,15000.0,intermediate
CHEMBL114988,O=C(O)[C@H](Cc1ccccc1)N(Cc1cccc(Br)c1)C(=O)c1ccc(Cl)cc1I,2700.0,inactive
CHEMBL326939,COc1cc(Cl)ccc1C(=O)N(Cc1cccc(Br)c1)[C@@H](Cc1ccccc1)C(=O)O,11000.0,inactive
CHEMBL113119,O=C(O)[C@H](Cc1ccccc1)N(Cc1cccc(Br)c1)S(=O)(=O)c1ccc(Cl)cc1Cl,31000.0,active
CHEMBL353549,O=C(N[C@@H](Cc1c[nH]c2ccccc12)C(=O)O)c1ccc2c(c1)nc(-c1ccoc1)n2C1CCCCC1,1000.0,inactive
CHEMBL368589,O=C(O)c1ccc2c(c1)nc(-c1ccc(OCc3cc(C(=O)N4CCC(O)CC4)ccc3-c3ccc(Cl)cc3)cc1F)n2C1CCCCC1,10000.0,inactive
CHEMBL178076,COc1ccc(CCNC(=O)c2ccc3c(c2)nc(-c2ccccn2)n3C2CCCCC2)cc1OC,12000.0,active
CHEMBL176058,CC(C)CCn1c(=O)c(C2=NS(=O)(=O)c3ccccc3N2)c(O)c2ccccc21,800.0,intermediate
CHEMBL174683,O=C(O)c1ccc2c(c1)nc(-c1ccccn1)n2C1CCCCC1,4300.0,intermediate
CHEMBL19332,O=C(O)C(=O)CC(=O)c1ccccc1,5700.0,active
CHEMBL175882,O=C(NCc1ccccc1Cl)Nc1ccsc1-c1nc(O)c(O)c(C(=O)O)n1,100.0,active
CHEMBL446360,N#Cc1ccc(Br)cc1Oc1ccccc1C(=O)CC(=O)C(=O)O,350.0,active
CHEMBL175894,N#Cc1ccc(Br)cc1-c1cccc(C(=O)CC(=O)C(=O)O)c1,100.0,active
CHEMBL367415,N#Cc1c(Cl)cccc1-c1cccc(C(=O)CC(=O)C(=O)O)c1,110.0,active
CHEMBL178973,N#Cc1c(Cl)cc(Cl)cc1-c1cccc(C(=O)CC(=O)C(=O)O)c1,45.0,intermediate
CHEMBL411714,CC[C@H](C)[C@H](NC(=O)[C@H](CCCN=C(N)N)NC(=O)CNC(=O)[C@@H](NC(=O)[C@@H](NC(=O)[C@@H](NC(=O)[C@@H](NC(=O)[C@H](CO)NC(=O)CNC(=O)[C@@H](N)CCCCN)C(C)C)C(C)C)[C@@H](C)CC)C(C)C)C(=O)N[C@H](C(=O)N[C@@H](CC(C)C)C(=O)N[C@@H](CO)C(=O)NCC(=O)N[C@@H](CCCN=C(N)N)C(=O)N[C@@H](CCCCN)C(=O)O)[C@@H](C)CC,5700.0,intermediate
CHEMBL409509,CC[C@H](C)[C@H](NC(=O)[C@H](CCCN=C(N)N)NC(=O)CNC(=O)[C@@H](NC(=O)[C@@H](NC(=O)[C@@H](NC(=O)[C@@H](NC(=O)[C@H](CO)NC(=O)CNC(=O)CNC(=O)[C@H](CCCN=C(N)N)NC(C)=O)C(C)C)C(C)C)[C@@H](C)CC)C(C)C)C(=O)N[C@H](C(=O)N[C@@H](CC(C)C)C(=O)N[C@@H](CO)C(=O)NCC(=O)N[C@@H](CCCNC(=N)N)C(=O)N[C@@H](CCCCN)C(=O)O)[C@@H](C)CC,3400.0,inactive
CHEMBL370975,CC(=O)N[C@H](C(=O)N[C@H](C(=O)C1C[C@H](O)C[C@H]1C(=O)CC1(C(=O)O)CC1)C(C)C)C1CCCCC1,1000000.0,inactive
CHEMBL189885,CC(=O)N[C@H](C(=O)N[C@H](C(=O)C1C[C@H](Oc2ccccc2)C[C@H]1C(=O)CC1(C(=O)O)CC1)C(C)C)C1CCCCC1,79432.82,inactive
CHEMBL372008,CC(=O)N[C@H](C(=O)N[C@H](C(=O)C1C[C@H](Oc2ccc(F)cc2)C[C@H]1C(=O)CC1(C(=O)O)CC1)C(C)C)C1CCCCC1,100000.0,inactive
CHEMBL190813,CC(=O)N[C@H](C(=O)N[C@H](C(=O)C1C[C@H](Oc2ccc(Cl)cc2)C[C@H]1C(=O)CC1(C(=O)O)CC1)C(C)C)C1CCCCC1,50118.72,inactive
CHEMBL370243,CC(=O)N[C@H](C(=O)N[C@H](C(=O)C1C[C@H](Oc2ccc(Br)cc2)C[C@H]1C(=O)CC1(C(=O)O)CC1)C(C)C)C1CCCCC1,25118.86,inactive
CHEMBL195662,CC(=O)N[C@H](C(=O)N[C@H](C(=O)C1C[C@H](Oc2ccc(I)cc2)C[C@H]1C(=O)CC1(C(=O)O)CC1)C(C)C)C1CCCCC1,10000.0,inactive
CHEMBL372230,CC(=O)N[C@H](C(=O)N[C@H](C(=O)C1C[C@H](Sc2ccc(Br)cc2)C[C@H]1C(=O)CC1(C(=O)O)CC1)C(C)C)C1CCCCC1,39810.72,inactive
CHEMBL193263,CC(=O)N[C@H](C(=O)N[C@H](C(=O)C1C[C@H](Oc2cccc(Br)c2)C[C@H]1C(=O)CC1(C(=O)O)CC1)C(C)C)C1CCCCC1,50118.72,inactive
CHEMBL366016,CC(=O)N[C@H](C(=O)N[C@H](C(=O)C1C[C@H](Oc2ccccc2Br)C[C@H]1C(=O)CC1(C(=O)O)CC1)C(C)C)C1CCCCC1,25118.86,inactive
CHEMBL190345,CC(=O)N[C@H](C(=O)N[C@H](C(=O)C1C[C@H](Oc2ccc(-c3ccccc3)cc2)C[C@H]1C(=O)CC1(C(=O)O)CC1)C(C)C)C1CCCCC1,31622.78,inactive
CHEMBL366015,COc1ccc(-c2ccc(O[C@H]3CC(C(=O)[C@@H](NC(=O)[C@@H](NC(C)=O)C4CCCCC4)C(C)C)[C@H](C(=O)CC4(C(=O)O)CC4)C3)cc2)cc1,31622.78,intermediate
CHEMBL372382,CC(=O)N[C@H](C(=O)N[C@H](C(=O)C1C[C@H](Oc2cccc(-c3ccccc3)c2)C[C@H]1C(=O)CC1(C(=O)O)CC1)C(C)C)C1CCCCC1,6309.57,intermediate
CHEMBL191670,CC(=O)N[C@H](C(=O)N[C@H](C(=O)C1C[C@H](Oc2cccc(-c3cccc([N+](=O)[O-])c3)c2)C[C@H]1C(=O)CC1(C(=O)O)CC1)C(C)C)C1CCCCC1,6309.57,intermediate
CHEMBL364026,CC(=O)Nc1cccc(-c2cccc(O[C@H]3CC(C(=O)[C@@H](NC(=O)[C@@H](NC(C)=O)C4CCCCC4)C(C)C)[C@H](C(=O)CC4(C(=O)O)CC4)C3)c2)c1,6309.57,inactive
CHEMBL364225,CC(=O)N[C@H](C(=O)N[C@H](C(=O)C1C[C@H](Oc2ccccc2-c2ccccc2)C[C@H]1C(=O)CC1(C(=O)O)CC1)C(C)C)C1CCCCC1,199526.23,inactive
CHEMBL433779,COc1ccc(-c2ccccc2O[C@H]2CC(C(=O)[C@@H](NC(=O)[C@@H](NC(C)=O)C3CCCCC3)C(C)C)[C@H](C(=O)CC3(C(=O)O)CC3)C2)cc1,199526.23,inactive
CHEMBL191654,CC(=O)N[C@H](C(=O)N[C@H](C(=O)C1C[C@H](Oc2ccccc2-c2ccc(C(=O)O)cc2)C[C@H]1C(=O)CC1(C(=O)O)CC1)C(C)C)C1CCCCC1,199526.23,inactive
CHEMBL436482,CC(=O)N[C@H](C(=O)N[C@H](C(=O)C1C[C@H](Oc2cccnc2-c2ccsc2)C[C@H]1C(=O)CC1(C(=O)O)CC1)C(C)C)C1CCCCC1,199526.23,inactive
CHEMBL363651,CC(=O)N[C@H](C(=O)N[C@H](C(=O)C1C[C@H](Oc2cccc(N3CCOCC3)c2)C[C@H]1C(=O)CC1(C(=O)O)CC1)C(C)C)C1CCCCC1,31622.78,inactive
CHEMBL434726,CC(=O)N[C@H](C(=O)N[C@H](C(=O)C1C[C@H](Oc2nc3ccccc3s2)C[C@H]1C(=O)CC1(C(=O)O)CC1)C(C)C)C1CCCCC1,19952.62,inactive
CHEMBL193227,CC(=O)N[C@H](C(=O)N[C@H](C(=O)C1C[C@H](Sc2nc3ccccc3s2)C[C@H]1C(=O)CC1(C(=O)O)CC1)C(C)C)C1CCCCC1,19952.62,inactive
CHEMBL193226,CC(=O)N[C@H](C(=O)N[C@H](C(=O)C1C[C@H](Oc2ccncc2)C[C@H]1C(=O)CC1(C(=O)O)CC1)C(C)C)C1CCCCC1,158489.32,inactive
CHEMBL373098,CC(=O)N[C@H](C(=O)N[C@H](C(=O)C1C[C@H](Oc2cccnc2)C[C@H]1C(=O)CC1(C(=O)O)CC1)C(C)C)C1CCCCC1,199526.23,inactive
CHEMBL192148,CC(=O)N[C@H](C(=O)N[C@H](C(=O)C1C[C@H](Oc2cccc3cccnc23)C[C@H]1C(=O)CC1(C(=O)O)CC1)C(C)C)C1CCCCC1,251188.64,inactive
CHEMBL433963,CC(=O)N[C@H](C(=O)N[C@H](C(=O)C1C[C@H](Oc2ccc(Cl)c3cccnc23)C[C@H]1C(=O)CC1(C(=O)O)CC1)C(C)C)C1CCCCC1,100000.0,intermediate
CHEMBL190764,CC(=O)N[C@H](C(=O)N[C@H](C(=O)C1C[C@H](Oc2nccc3ccccc23)C[C@H]1C(=O)CC1(C(=O)O)CC1)C(C)C)C1CCCCC1,7943.28,intermediate
CHEMBL190765,CC(=O)N[C@H](C(=O)N[C@H](C(=O)C1C[C@H](Oc2cncc3ccccc23)C[C@H]1C(=O)CC1(C(=O)O)CC1)C(C)C)C1CCCCC1,3981.07,intermediate
CHEMBL372927,CC(=O)N[C@H](C(=O)N[C@H](C(=O)C1C[C@H](Oc2ccnc3ccccc23)C[C@H]1C(=O)CC1(C(=O)O)CC1)C(C)C)C1CCCCC1,5011.87,intermediate
CHEMBL192654,CC(=O)N[C@H](C(=O)N[C@H](C(=O)C1C[C@H](Oc2ccnc3cc(C(F)(F)F)ccc23)C[C@H]1C(=O)CC1(C(=O)O)CC1)C(C)C)C1CCCCC1,6309.57,inactive
CHEMBL436098,CC(=O)N[C@H](C(=O)N[C@H](C(=O)C1C[C@H](Sc2ccnc3cc(C(F)(F)F)ccc23)C[C@H]1C(=O)CC1(C(=O)O)CC1)C(C)C)C1CCCCC1,10000.0,intermediate
CHEMBL190689,CC(=O)N[C@H](C(=O)N[C@H](C(=O)C1C[C@H](Oc2ccnc3cc(Cl)ccc23)C[C@H]1C(=O)CC1(C(=O)O)CC1)C(C)C)C1CCCCC1,1995.26,active
CHEMBL363650,COc1ccc2c(O[C@H]3CC(C(=O)[C@@H](NC(=O)[C@@H](NC(C)=O)C4CCCCC4)C(C)C)[C@H](C(=O)CC4(C(=O)O)CC4)C3)ccnc2c1,794.33,inactive
CHEMBL189272,COc1ccc2nccc(O[C@H]3CC(C(=O)[C@@H](NC(=O)[C@@H](NC(C)=O)C4CCCCC4)C(C)C)[C@H](C(=O)CC4(C(=O)O)CC4)C3)c2c1,15848.93,active
CHEMBL3644875,C=C[C@@H]1C[C@]1(NC(=O)[C@@H]1CN(Cc2ccccc2)CN1C(=O)[C@@H](NC(=O)OC1CCCC1)C(C)(C)C)C(=O)NS(=O)(=O)C1CC1,195.0,active
CHEMBL3644876,C=C[C@@H]1C[C@]1(NC(=O)[C@@H]1CN(C(=O)Cc2ccccc2)CN1C(=O)[C@@H](NC(=O)OC1CCCC1)C(C)(C)C)C(=O)NS(=O)(=O)C1CC1,490.0,active
CHEMBL3644877,C=C[C@@H]1C[C@]1(NC(=O)[C@@H]1CN(C(=O)OCc2ccccc2)CN1C(=O)[C@@H](NC(=O)OC1CCCC1)C(C)(C)C)C(=O)NS(=O)(=O)C1CC1,57.0,active
CHEMBL3644878,C=C[C@@H]1C[C@]1(NC(=O)[C@@H]1CN(CC(=O)c2ccccc2)CN1C(=O)[C@@H](NC(=O)OC1CCCC1)C(C)C)C(=O)NS(=O)(=O)C1CC1,21.0,active
CHEMBL3644879,C=C[C@@H]1C[C@]1(NC(=O)[C@@H]1CN(CCc2ccccc2)CN1C(=O)[C@@H](NC(=O)OC1CCCC1)C(C)(C)C)C(=O)NS(=O)(=O)C1CC1,13.0,active
CHEMBL3644880,C=C[C@@H]1C[C@]1(NC(=O)[C@@H]1CN(C(=O)c2ccccc2)CN1C(=O)[C@@H](NC(=O)OC1CCCC1)C(C)(C)C)C(=O)NS(=O)(=O)C1CC1,403.0,active
CHEMBL3644881,C=C[C@@H]1C[C@]1(NC(=O)[C@@H]1CN(S(=O)(=O)c2ccccc2)CN1C(=O)[C@@H](NC(=O)OC1CCCC1)C(C)(C)C)C(=O)NS(=O)(=O)C1CC1,5.0,active
CHEMBL3644882,C=C[C@@H]1C[C@]1(NC(=O)[C@@H]1CN(S(=O)(=O)c2ccccc2F)CN1C(=O)[C@@H](NC(=O)OC1CCCC1)C(C)(C)C)C(=O)NS(=O)(=O)C1CC1,11.0,active
CHEMBL3644883,C=C[C@@H]1C[C@]1(NC(=O)[C@@H]1CN(S(=O)(=O)c2cccc(F)c2)CN1C(=O)[C@@H](NC(=O)OC1CCCC1)C(C)(C)C)C(=O)NS(=O)(=O)C1CC1,14.0,active
CHEMBL3644884,C=C[C@@H]1C[C@]1(NC(=O)[C@@H]1CN(S(=O)(=O)c2ccc(F)cc2)CN1C(=O)[C@@H](NC(=O)OC1CCCC1)C(C)(C)C)C(=O)NS(=O)(=O)C1CC1,4.0,active
CHEMBL3644885,C=C[C@@H]1C[C@]1(NC(=O)[C@@H]1CN(S(=O)(=O)c2ccc3ccccc3c2)CN1C(=O)[C@@H](NC(=O)OC1CCCC1)C(C)(C)C)C(=O)NS(=O)(=O)C1CC1,22.0,active
CHEMBL3644886,C=C[C@@H]1C[C@]1(NC(=O)[C@@H]1CN(S(=O)(=O)c2cccc3ccccc23)CN1C(=O)[C@@H](NC(=O)OC1CCCC1)C(C)(C)C)C(=O)NS(=O)(=O)C1CC1,170.0,active
CHEMBL3644887,C=C[C@@H]1C[C@]1(NC(=O)[C@@H]1CN(S(=O)(=O)c2cccc3cccnc23)CN1C(=O)[C@@H](NC(=O)OC1CCCC1)C(C)(C)C)C(=O)NS(=O)(=O)C1CC1,160.0,active
CHEMBL3644888,C=C[C@@H]1C[C@]1(NC(=O)[C@@H]1CN(S(=O)(=O)c2ccc(Br)cc2)CN1C(=O)[C@@H](NC(=O)OC1CCCC1)C(C)(C)C)C(=O)NS(=O)(=O)C1CC1,2.0,active
CHEMBL3644889,C=C[C@@H]1C[C@]1(NC(=O)[C@@H]1CN(S(=O)(=O)c2cccc(Br)c2)CN1C(=O)[C@@H](NC(=O)OC1CCCC1)C(C)(C)C)C(=O)NS(=O)(=O)C1CC1,32.0,active
CHEMBL3644890,C=C[C@@H]1C[C@]1(NC(=O)[C@@H]1CN(S(=O)(=O)c2cnc(Cl)c(Br)c2)CN1C(=O)[C@@H](NC(=O)OC1CCCC1)C(C)(C)C)C(=O)NS(=O)(=O)C1CC1,68.0,active
CHEMBL3644891,C=C[C@@H]1C[C@]1(NC(=O)[C@@H]1CN(S(=O)(=O)c2ccccc2Cl)CN1C(=O)[C@@H](NC(=O)OC1CCCC1)C(C)(C)C)C(=O)NS(=O)(=O)C1CC1,16.0,active
CHEMBL3644892,C=C[C@@H]1C[C@]1(NC(=O)[C@@H]1CN(S(=O)(=O)c2cccc(Cl)c2)CN1C(=O)[C@@H](NC(=O)OC1CCCC1)C(C)(C)C)C(=O)NS(=O)(=O)C1CC1,28.0,active
CHEMBL3644893,C=C[C@@H]1C[C@]1(NC(=O)[C@@H]1CN(S(=O)(=O)c2ccc(Cl)cc2)CN1C(=O)[C@@H](NC(=O)OC1CCCC1)C(C)(C)C)C(=O)NS(=O)(=O)C1CC1,2.0,active
CHEMBL3644894,C=C[C@@H]1C[C@]1(NC(=O)[C@@H]1CN(S(=O)(=O)c2ccc(C#N)cc2)CN1C(=O)[C@@H](NC(=O)OC1CCCC1)C(C)(C)C)C(=O)NS(=O)(=O)C1CC1,6.0,active
CHEMBL3644895,C=C[C@@H]1C[C@]1(NC(=O)[C@@H]1CN(S(=O)(=O)c2ccc(C(F)(F)F)cc2)CN1C(=O)[C@@H](NC(=O)OC1CCCC1)C(C)(C)C)C(=O)NS(=O)(=O)C1CC1,4.0,active
CHEMBL3644896,C=C[C@@H]1C[C@]1(NC(=O)[C@@H]1CN(S(=O)(=O)c2ccc(OC)cc2)CN1C(=O)[C@@H](NC(=O)OC1CCCC1)C(C)(C)C)C(=O)NS(=O)(=O)C1CC1,2.0,active
CHEMBL3644897,C=C[C@@H]1C[C@]1(NC(=O)[C@@H]1CN(S(=O)(=O)c2cccs2)CN1C(=O)[C@@H](NC(=O)OC1CCCC1)C(C)(C)C)C(=O)NS(=O)(=O)C1CC1,6.0,active
CHEMBL3644898,C=C[C@@H]1C[C@]1(NC(=O)[C@@H]1CN(S(=O)(=O)c2ccsc2)CN1C(=O)[C@@H](NC(=O)OC1CCCC1)C(C)(C)C)C(=O)NS(=O)(=O)C1CC1,3.0,active
CHEMBL3644899,C=C[C@@H]1C[C@]1(NC(=O)[C@@H]1CN(S(=O)(=O)Cc2ccccc2)CN1C(=O)[C@@H](NC(=O)OC1CCCC1)C(C)(C)C)C(=O)NS(=O)(=O)C1CC1,14.0,active
CHEMBL3644900,C=C[C@@H]1C[C@]1(NC(=O)[C@@H]1CN(C(=O)Nc2ccccc2)CN1C(=O)[C@@H](NC(=O)OC1CCCC1)C(C)(C)C)C(=O)NS(=O)(=O)C1CC1,640.0,active
CHEMBL3644901,C=C[C@@H]1C[C@]1(NC(=O)[C@@H]1CN(S(=O)(=O)Nc2ccccc2)CN1C(=O)[C@@H](NC(=O)OC1CCCC1)C(C)(C)C)C(=O)NS(=O)(=O)C1CC1,61.0,active
CHEMBL3644902,C=C[C@@H]1C[C@]1(NC(=O)[C@@H]1CN(c2ccccc2)CN1C(=O)[C@@H](NC(=O)OC1CCCC1)C(C)(C)C)C(=O)NS(=O)(=O)C1CC1,19.0,active
CHEMBL3644903,C=C[C@@H]1C[C@]1(NC(=O)[C@@H]1CN(c2ccc(Br)cc2)CN1C(=O)[C@@H](NC(=O)OC1CCCC1)C(C)(C)C)C(=O)NS(=O)(=O)C1CC1,41.0,active
CHEMBL3644904,C=C[C@@H]1C[C@]1(NC(=O)[C@@H]1CN(c2cccc(-c3ccccc3)c2)CN1C(=O)[C@@H](NC(=O)OC1CCCC1)C(C)(C)C)C(=O)NS(=O)(=O)C1CC1,13.0,active
CHEMBL3644905,C=C[C@@H]1C[C@]1(NC(=O)[C@@H]1CN(c2ccc(N3CCCCC3)cc2)CN1C(=O)[C@@H](NC(=O)OC1CCCC1)C(C)(C)C)C(=O)NS(=O)(=O)C1CC1,9.0,active
CHEMBL3644906,C=C[C@@H]1C[C@]1(NC(=O)[C@@H]1CN(c2ccc(N3CCOCC3)cc2)CN1C(=O)[C@@H](NC(=O)OC1CCCC1)C(C)(C)C)C(=O)NS(=O)(=O)C1CC1,10.0,active
CHEMBL3644907,C=C[C@@H]1C[C@]1(NC(=O)[C@@H]1CN(c2ccc(-n3cccn3)cc2)CN1C(=O)[C@@H](NC(=O)OC1CCCC1)C(C)(C)C)C(=O)NS(=O)(=O)C1CC1,9.0,active
CHEMBL3644908,C=C[C@@H]1C[C@]1(NC(=O)[C@@H]1CN(c2ccc(-c3ccccc3)cc2)CN1C(=O)[C@@H](NC(=O)OC1CCCC1)C(C)(C)C)C(=O)NS(=O)(=O)C1CC1,2.0,active
CHEMBL3644909,C=C[C@@H]1C[C@]1(NC(=O)[C@@H]1CN(c2ccc(OC)cc2)CN1C(=O)[C@@H](NC(=O)OC1CCCC1)C(C)(C)C)C(=O)NS(=O)(=O)C1CC1,12.0,active
CHEMBL3644910,C=C[C@@H]1C[C@]1(NC(=O)[C@@H]1CN(c2ccc(C(C)C)cc2)CN1C(=O)[C@@H](NC(=O)OC1CCCC1)C(C)(C)C)C(=O)NS(=O)(=O)C1CC1,16.0,active
CHEMBL3644911,C=C[C@@H]1C[C@]1(NC(=O)[C@@H]1CN(c2ccc3ccccc3c2)CN1C(=O)[C@@H](NC(=O)OC1CCCC1)C(C)(C)C)C(=O)NS(=O)(=O)C1CC1,12.0,active
CHEMBL3644912,C=C[C@@H]1C[C@]1(NC(=O)[C@@H]1CN(c2ccc(C3CCCCC3)cc2)CN1C(=O)[C@@H](NC(=O)OC1CCCC1)C(C)(C)C)C(=O)NS(=O)(=O)C1CC1,5.0,active
CHEMBL3644913,C=C[C@@H]1C[C@]1(NC(=O)[C@@H]1CN(c2ccc(-c3ccccc3OC)cc2)CN1C(=O)[C@@H](NC(=O)OC1CCCC1)C(C)(C)C)C(=O)NS(=O)(=O)C1CC1,21.0,active
CHEMBL3644914,C=C[C@@H]1C[C@]1(NC(=O)[C@@H]1CN(c2ccc(-c3ccccc3F)cc2)CN1C(=O)[C@@H](NC(=O)OC1CCCC1)C(C)(C)C)C(=O)NS(=O)(=O)C1CC1,34.0,active
CHEMBL3644915,C=C[C@@H]1C[C@]1(NC(=O)[C@@H]1CN(c2ccc(-c3ccccc3C)cc2)CN1C(=O)[C@@H](NC(=O)OC1CCCC1)C(C)(C)C)C(=O)NS(=O)(=O)C1CC1,39.0,active
CHEMBL3644916,C=C[C@@H]1C[C@]1(NC(=O)[C@@H]1CN(c2ccc(-c3cccc(F)c3)cc2)CN1C(=O)[C@@H](NC(=O)OC1CCCC1)C(C)(C)C)C(=O)NS(=O)(=O)C1CC1,82.0,active
CHEMBL3644917,C=C[C@@H]1C[C@]1(NC(=O)[C@@H]1CN(c2ccc(-c3ccc(F)cc3)cc2)CN1C(=O)[C@@H](NC(=O)OC1CCCC1)C(C)(C)C)C(=O)NS(=O)(=O)C1CC1,45.0,active
CHEMBL3644918,C=C[C@@H]1C[C@]1(NC(=O)[C@@H]1CN(c2ccc(-c3ccsc3)cc2)CN1C(=O)[C@@H](NC(=O)OC1CCCC1)C(C)(C)C)C(=O)NS(=O)(=O)C1CC1,40.0,inactive
CHEMBL3644919,C=C[C@@H]1C[C@]1(NC(=O)[C@@H]1CN(c2ccc(-c3cncnc3)cc2)CN1C(=O)[C@@H](NC(=O)OC1CCCC1)C(C)(C)C)C(=O)NS(=O)(=O)C1CC1,45000.0,active
CHEMBL3644920,C=C[C@@H]1C[C@]1(NC(=O)[C@@H]1CN(c2ccc(-c3ccc(OC)cc3)cc2)CN1C(=O)[C@@H](NC(=O)OC1CCCC1)C(C)(C)C)C(=O)NS(=O)(=O)C1CC1,66.0,active
CHEMBL3644921,C=C[C@@H]1C[C@]1(NC(=O)[C@@H]1CN(c2ccc(-c3cccc(OC)c3)cc2)CN1C(=O)[C@@H](NC(=O)OC1CCCC1)C(C)(C)C)C(=O)NS(=O)(=O)C1CC1,110.0,active
CHEMBL3644922,C=C[C@@H]1C[C@]1(NC(=O)[C@@H]1CN(c2ccc(-c3ccc(C#N)cc3)cc2)CN1C(=O)[C@@H](NC(=O)OC1CCCC1)C(C)(C)C)C(=O)NS(=O)(=O)C1CC1,28.0,inactive
CHEMBL3644923,C=C[C@@H]1C[C@]1(NC(=O)[C@@H]1CN(c2ccc(-c3cnc(N)nc3)cc2)CN1C(=O)[C@@H](NC(=O)OC1CCCC1)C(C)(C)C)C(=O)NS(=O)(=O)C1CC1,16000.0,active
CHEMBL3644924,C=C[C@@H]1C[C@]1(NC(=O)[C@@H]1CN(S(=O)(=O)c2ccc(N3CCCCC3)cc2)CN1C(=O)[C@@H](NC(=O)OC1CCCC1)C(C)(C)C)C(=O)NS(=O)(=O)C1CC1,3.0,active
CHEMBL3644925,CCC[C@H](NC(=O)[C@@H]1CN(c2ccc(-c3ccccc3)cc2)CN1C(=O)[C@@H](NC(=O)OC1CCCC1)C(C)(C)C)C(=O)C(=O)NC1CC1,940.0,intermediate
CHEMBL3644926,CC(C)(C)[C@H](NC(=O)OC1CCCC1)C(=O)N1CN(Cc2ccccc2)C[C@H]1C(=O)NC(CC1CCC1)C(=O)C(N)=O,4200.0,active
CHEMBL3644927,CCC[C@H](NC(=O)[C@@H]1CN(S(=O)(=O)c2ccc(Br)cc2)CN1C(=O)[C@@H](NC(=O)OC1CCCC1)C(C)(C)C)C(=O)C(=O)NC1CC1,500.0,active
CHEMBL3644928,C=C[C@@H]1C[C@]1(NC(=O)[C@@H]1CN(c2cc(Cl)nc(OC)n2)CN1C(=O)[C@@H](NC(=O)OC1CCCC1)C(C)(C)C)C(=O)NS(=O)(=O)C1CC1,1000.0,intermediate
CHEMBL3644929,C=C[C@@H]1C[C@]1(NC(=O)[C@@H]1CN(c2cc(OC)nc(Cl)n2)CN1C(=O)[C@@H](NC(=O)OC1CCCC1)C(C)(C)C)C(=O)NS(=O)(=O)C1CC1,1090.0,intermediate
CHEMBL3644930,C=C[C@@H]1C[C@]1(NC(=O)[C@@H]1CN(c2cc(-c3ccccc3)nc(SC)n2)CN1C(=O)[C@@H](NC(=O)OC1CCCC1)C(C)(C)C)C(=O)NS(=O)(=O)C1CC1,3400.0,active
CHEMBL3644931,C=C[C@@H]1C[C@]1(NC(=O)[C@@H]1CN(c2ccc(-c3ccccc3)cc2)C(=O)N1C(=O)[C@@H](NC(=O)OC1CCCC1)C(C)(C)C)C(=O)NS(=O)(=O)C1CC1,610.0,active
CHEMBL3644932,C=C[C@@H]1C[C@]1(NC(=O)[C@@H]1CN(c2ccc(-c3ccccc3)cc2)CN1C(=O)[C@@H](NC(=O)OC(C)(C)C)C(C)(C)C)C(=O)NS(=O)(=O)C1CC1,5.0,active
CHEMBL3644933,C=C[C@@H]1C[C@]1(NC(=O)[C@@H]1CN(c2ccc(-c3ccccc3)cc2)CN1C(=O)[C@@H](NC(=O)OC(C)(C)C(F)(F)F)C(C)(C)C)C(=O)NS(=O)(=O)C1CC1,2.0,active
CHEMBL3644934,CC(C)(C)OC(=O)N[C@H]1CCCCC/C=C\[C@@H]2C[C@@]2(C(=O)NS(=O)(=O)C2CC2)NC(=O)[C@@H]2CN(c3ccc(-c4ccccc4)cc3)CN2C1=O,2.0,active
CHEMBL3644935,C=C[C@@H]1C[C@]1(NC(=O)[C@@H]1CN(S(=O)(=O)c2ccccc2Br)CN1C(=O)[C@@H](NC(=O)OC1CCCC1)C(C)(C)C)C(=O)NS(=O)(=O)C1CC1,20.0,intermediate
CHEMBL3644936,C=C[C@@H]1C[C@]1(NC(=O)[C@@H]1CN(c2cc(-c3ccccc3)nc(OC)n2)CN1C(=O)[C@@H](NC(=O)OC1CCCC1)C(C)(C)C)C(=O)NS(=O)(=O)C1CC1,1420.0,intermediate
CHEMBL3644937,C=C[C@@H]1C[C@]1(NC(=O)[C@@H]1CN(c2cc(N3CCCCC3)nc(OC)n2)CN1C(=O)[C@@H](NC(=O)OC1CCCC1)C(C)(C)C)C(=O)NS(=O)(=O)C1CC1,1430.0,intermediate
CHEMBL3644938,C=C[C@@H]1C[C@]1(NC(=O)[C@@H]1CN(c2cc(OC)nc(N3CCCCC3)n2)CN1C(=O)[C@@H](NC(=O)OC1CCCC1)C(C)(C)C)C(=O)NS(=O)(=O)C1CC1,1150.0,active
CHEMBL3644939,C=C[C@@H]1C[C@]1(NC(=O)[C@@H]1CN(c2cc(Cl)nc(N3CCCCC3)n2)CN1C(=O)[C@@H](NC(=O)OC1CCCC1)C(C)(C)C)C(=O)NS(=O)(=O)C1CC1,950.0,active
CHEMBL3644940,C=C[C@@H]1C[C@]1(NC(=O)[C@@H]1CN(c2cc(Nc3ccccc3)nc(OC)n2)CN1C(=O)[C@@H](NC(=O)OC1CCCC1)C(C)(C)C)C(=O)NS(=O)(=O)C1CC1,610.0,active
CHEMBL3659510,CCC[C@H](NC(=O)[C@@H]1[C@@H]2[C@H](CN1C(=O)[C@@H](NC(=O)[C@@H](NC(=O)c1cnccn1)C1CCCCC1)C(C)(C)C)[C@@H]1C=C[C@H]2C1)C(=O)C(=O)NC1CC1,202.0,inactive
CHEMBL3686493,C[C@]1(O)[C@@H](O)[C@H](COP(=O)(O)OP(=O)(O)OP(=O)(O)O)O[C@]1(C#N)n1ccc(=O)[nH]c1=O,27000.0,inactive
